Year,Consumption(kWh)
2013,4124.086667
2014,3929.179126
2015,3887.217763
2016,3676.155262
2017,4010.764072
2018,3768.592677
